{
  "0": {
    "tier": "low",
    "final_battery": 100.0,
    "is_active": true,
    "total_energy_wh": 2.8000000000000003,
    "rounds_participated": 14,
    "battery_history": [
      67.23940099592318,
      68.99378696083545,
      71.91776356902258,
      73.67214953393486,
      75.42653549884713,
      78.35051210703426,
      80.10489807194654,
      83.02887468013367,
      84.78326064504594,
      86.53764660995822,
      88.29203257487049,
      90.04641853978276,
      91.80080450469504,
      94.72478111288217,
      97.6487577210693,
      100.0,
      100.0,
      100.0,
      100.0,
      100.0,
      100.0,
      100.0,
      100.0,
      100.0,
      100.0,
      100.0,
      100.0,
      100.0,
      100.0,
      100.0,
      100.0
    ],
    "rank_history": [
      8,
      8,
      8,
      8,
      8,
      8,
      8,
      8,
      8,
      8,
      8,
      8,
      8,
      8
    ]
  },
  "1": {
    "tier": "mid",
    "final_battery": 24.51316304857648,
    "is_active": true,
    "total_energy_wh": 6.999999999999997,
    "rounds_participated": 20,
    "battery_history": [
      27.495619188927396,
      29.250005153839677,
      31.004391118751958,
      32.758777083664235,
      35.68275369185137,
      38.6067303000385,
      41.53070690822563,
      43.28509287313791,
      45.039478838050194,
      44.98099930588645,
      42.934215680155454,
      42.87573614799171,
      40.828952522260714,
      38.78216889652972,
      36.73538527079872,
      34.68860164506773,
      34.63012211290398,
      34.57164258074024,
      34.513163048576494,
      36.267549013488775,
      38.021934978401056,
      40.94591158658819,
      38.89912796085719,
      36.8523443351262,
      34.8055607093952,
      32.75877708366421,
      32.70029755150046,
      30.653513925769467,
      28.60673030003847,
      26.559946674307476,
      24.51316304857648
    ],
    "rank_history": [
      16,
      16,
      16,
      16,
      16,
      16,
      16,
      16,
      16,
      16,
      16,
      16,
      16,
      16,
      16,
      16,
      16,
      16,
      16,
      16
    ]
  },
  "2": {
    "tier": "mid",
    "final_battery": 64.88664452282879,
    "is_active": true,
    "total_energy_wh": 3.8500000000000005,
    "rounds_participated": 11,
    "battery_history": [
      68.16149832399843,
      68.10301879183469,
      66.05623516610369,
      65.99775563393995,
      65.9392761017762,
      65.88079656961246,
      63.83401294388146,
      61.787229318150466,
      59.74044569241947,
      59.681966160255726,
      59.62348662809198,
      59.56500709592824,
      59.50652756376449,
      59.44804803160075,
      61.20243399651303,
      62.95681996142531,
      64.71120592633758,
      67.63518253452472,
      65.58839890879372,
      65.52991937662998,
      63.48313575089898,
      61.436352125167986,
      61.37787259300424,
      61.3193930608405,
      59.2726094351095,
      59.21412990294576,
      59.15565037078201,
      62.079626978969145,
      65.00360358715628,
      64.94512405499253,
      64.88664452282879
    ],
    "rank_history": [
      16,
      16,
      16,
      16,
      16,
      16,
      16,
      16,
      16,
      16,
      16
    ]
  },
  "3": {
    "tier": "low",
    "final_battery": 100.0,
    "is_active": true,
    "total_energy_wh": 3.0000000000000004,
    "rounds_participated": 15,
    "battery_history": [
      77.28156903379228,
      80.20554564197941,
      81.95993160689169,
      84.88390821507882,
      86.63829417999109,
      88.39268014490337,
      90.14706610981564,
      93.07104271800277,
      95.9950193261899,
      97.74940529110218,
      100.0,
      100.0,
      100.0,
      100.0,
      100.0,
      100.0,
      100.0,
      100.0,
      100.0,
      100.0,
      100.0,
      100.0,
      100.0,
      100.0,
      100.0,
      100.0,
      100.0,
      100.0,
      100.0,
      100.0,
      100.0
    ],
    "rank_history": [
      8,
      8,
      8,
      8,
      8,
      8,
      8,
      8,
      8,
      8,
      8,
      8,
      8,
      8,
      8
    ]
  },
  "4": {
    "tier": "mid",
    "final_battery": 28.29842778219582,
    "is_active": true,
    "total_energy_wh": 6.149999999999999,
    "rounds_participated": 18,
    "battery_history": [
      53.5615856769327,
      51.514802051201706,
      49.46801842547071,
      49.409538893306966,
      49.35105936114322,
      47.304275735412226,
      45.25749210968123,
      43.210708483950235,
      43.15222895178649,
      41.105445326055495,
      39.0586617003245,
      37.011878074593504,
      34.96509444886251,
      32.91831082313151,
      32.85983129096777,
      30.813047665236773,
      30.75456813307303,
      30.696088600909285,
      30.63760906874554,
      30.579129536581796,
      30.52065000441805,
      28.473866378687056,
      28.41538684652331,
      28.356907314359567,
      28.298427782195823,
      26.251644156464828,
      24.204860530733832,
      23.035269887458977,
      24.789655852371258,
      26.54404181728354,
      28.29842778219582
    ],
    "rank_history": [
      16,
      16,
      16,
      16,
      16,
      16,
      16,
      16,
      16,
      16,
      16,
      16,
      16,
      16,
      8,
      16,
      16,
      16
    ]
  },
  "5": {
    "tier": "mid",
    "final_battery": 37.81081221400854,
    "is_active": true,
    "total_energy_wh": 5.12,
    "rounds_participated": 17,
    "battery_history": [
      42.25525665845302,
      42.19677712628928,
      42.13829759412553,
      42.07981806196179,
      40.03303443623079,
      39.97455490406705,
      37.92777127833605,
      35.88098765260506,
      35.82250812044131,
      33.77572449471032,
      33.71724496254657,
      31.670461336815578,
      31.611981804651833,
      29.565198178920838,
      27.518414553189842,
      25.471630927458847,
      25.413151395295102,
      23.366367769564107,
      22.196777126289252,
      21.027186483014397,
      20.968706950850653,
      19.799116307575797,
      19.097361921610887,
      22.021338529798022,
      23.775724494710303,
      26.699701102897436,
      29.623677711084568,
      31.37806367599685,
      33.13244964090913,
      36.05642624909626,
      37.81081221400854
    ],
    "rank_history": [
      16,
      16,
      16,
      16,
      16,
      16,
      16,
      16,
      16,
      8,
      8,
      8,
      4,
      8,
      16,
      16,
      16
    ]
  },
  "6": {
    "tier": "low",
    "final_battery": 90.11695906432743,
    "is_active": true,
    "total_energy_wh": 3.0000000000000004,
    "rounds_participated": 15,
    "battery_history": [
      80.70458937038138,
      82.45897533529366,
      85.38295194348079,
      87.13733790839306,
      88.89172387330534,
      90.64610983821761,
      93.57008644640474,
      96.49406305459188,
      98.24844901950415,
      100.0,
      100.0,
      100.0,
      100.0,
      100.0,
      99.94152046783626,
      99.88304093567251,
      99.82456140350877,
      98.65497076023391,
      98.59649122807016,
      98.53801169590642,
      97.36842105263156,
      97.30994152046782,
      96.14035087719296,
      94.9707602339181,
      93.80116959064324,
      92.63157894736838,
      92.57309941520464,
      91.40350877192978,
      91.34502923976603,
      91.28654970760229,
      90.11695906432743
    ],
    "rank_history": [
      8,
      8,
      8,
      8,
      8,
      8,
      8,
      8,
      8,
      8,
      8,
      8,
      8,
      8,
      8
    ]
  },
  "7": {
    "tier": "mid",
    "final_battery": 100.0,
    "is_active": true,
    "total_energy_wh": 3.5000000000000004,
    "rounds_participated": 10,