{
  "active_clients": 10,
  "dropped_clients": 0,
  "dropout_rate": 0.0,
  "avg_battery": 70.41858244589743,
  "min_battery": 33.71632903878253,
  "total_energy_wh": 33.730000000000004,
  "avg_energy_per_client": 3.373,
  "energy_std": 1.1521722961432457,
  "jain_fairness_index": 0.8955104556370395,
  "avg_rounds_participated": 15.0
}