{
  "experiment": "baseline_homolora_r32_seed42",
  "policy": "fixed_r32",
  "num_clients": 10,
  "num_rounds": 3,
  "total_communication_bytes": 324403200,
  "total_communication_mb": 309.375,
  "battery_summary": {
    "active_clients": 10,
    "dropped_clients": 0,
    "dropout_rate": 0.0,
    "avg_battery": 55.69632257698309,
    "min_battery": 21.10079872977503,
    "total_energy_wh": 5.3999999999999995,
    "avg_energy_per_client": 0.5399999999999999,
    "energy_std": 0.42,
    "jain_fairness_index": 0.623076923076923,
    "avg_rounds_participated": 0.9
  },
  "final_avg_loss": 1.2601787930443173
}