{
  "0": {
    "tier": "low",
    "final_battery": 100.0,
    "is_active": true,
    "total_energy_wh": 2.8000000000000003,
    "rounds_participated": 14,
    "battery_history": [
      67.23940099592318,
      68.99378696083545,
      71.91776356902258,
      73.67214953393486,
      75.42653549884713,
      78.35051210703426,
      80.10489807194654,
      83.02887468013367,
      84.78326064504594,
      86.53764660995822,
      88.29203257487049,
      90.04641853978276,
      91.80080450469504,
      94.72478111288217,
      97.6487577210693,
      100.0,
      100.0,
      100.0,
      100.0,
      100.0,
      100.0,
      100.0,
      100.0,
      100.0,
      100.0,
      100.0,
      100.0,
      100.0,
      100.0,
      100.0,
      100.0
    ],
    "rank_history": [
      8,
      8,
      8,
      8,
      8,
      8,
      8,
      8,
      8,
      8,
      8,
      8,
      8,
      8
    ]
  },
  "1": {
    "tier": "mid",
    "final_battery": 41.99854316553558,
    "is_active": true,
    "total_energy_wh": 4.010000000000002,
    "rounds_participated": 20,
    "battery_history": [
      27.495619188927396,
      29.250005153839677,
      31.004391118751958,
      32.758777083664235,
      35.68275369185137,
      38.6067303000385,
      41.53070690822563,
      43.28509287313791,
      45.039478838050194,
      44.98099930588645,
      44.27924491992154,
      44.220765387757794,
      43.51901100179288,
      42.81725661582797,
      42.11550222986306,
      41.41374784389815,
      41.355268311734406,
      41.29678877957066,
      41.23830924740692,
      42.9926952123192,
      44.74708117723148,
      47.67105778541861,
      46.9693033994537,
      46.26754901348879,
      45.56579462752388,
      44.86404024155897,
      44.80556070939522,
      44.10380632343031,
      43.4020519374654,
      42.70029755150049,
      41.99854316553558
    ],
    "rank_history": [
      16,
      16,
      16,
      16,
      16,
      4,
      4,
      4,
      4,
      4,
      16,
      16,
      4,
      4,
      4,
      4,
      4,
      4,
      4,
      4
    ]
  },
  "2": {
    "tier": "mid",
    "final_battery": 71.90418838247788,
    "is_active": true,
    "total_energy_wh": 2.650000000000001,
    "rounds_participated": 11,
    "battery_history": [
      68.16149832399843,
      68.10301879183469,
      66.93342814855983,
      66.87494861639608,
      66.81646908423234,
      66.7579895520686,
      65.58839890879374,
      64.41880826551888,
      63.249217622244025,
      63.19073809008028,
      63.132258557916536,
      63.07377902575279,
      63.01529949358905,
      62.9568199614253,
      64.71120592633758,
      66.46559189124986,
      68.21997785616213,
      71.14395446434926,
      69.9743638210744,
      69.91588428891066,
      68.7462936456358,
      67.57670300236094,
      67.5182234701972,
      67.45974393803345,
      66.2901532947586,
      66.23167376259485,
      66.17319423043111,
      69.09717083861824,
      72.02114744680537,
      71.96266791464163,
      71.90418838247788
    ],
    "rank_history": [
      8,
      8,
      8,
      8,
      16,
      16,
      16,
      8,
      8,
      8,
      8
    ]
  },
  "3": {
    "tier": "low",
    "final_battery": 100.0,
    "is_active": true,
    "total_energy_wh": 3.0000000000000004,
    "rounds_participated": 15,
    "battery_history": [
      77.28156903379228,
      80.20554564197941,
      81.95993160689169,
      84.88390821507882,
      86.63829417999109,
      88.39268014490337,
      90.14706610981564,
      93.07104271800277,
      95.9950193261899,
      97.74940529110218,
      100.0,
      100.0,
      100.0,
      100.0,
      100.0,
      100.0,
      100.0,
      100.0,
      100.0,
      100.0,
      100.0,
      100.0,
      100.0,
      100.0,
      100.0,
      100.0,
      100.0,
      100.0,
      100.0,
      100.0,
      100.0
    ],
    "rank_history": [
      8,
      8,
      8,
      8,
      8,
      8,
      8,
      8,
      8,
      8,
      8,
      8,
      8,
      8,
      8
    ]
  },
  "4": {
    "tier": "mid",
    "final_battery": 47.59667339623095,
    "is_active": true,
    "total_energy_wh": 2.850000000000001,
    "rounds_participated": 18,
    "battery_history": [
      53.5615856769327,
      52.85983129096779,
      52.15807690500288,
      52.099597372839135,
      52.04111784067539,
      51.33936345471048,
      50.63760906874557,
      49.93585468278066,
      49.87737515061691,
      49.175620764652,
      48.47386637868709,
      47.77211199272218,
      47.07035760675727,
      46.36860322079236,
      46.310123688628615,
      45.608369302663704,
      45.54988977049996,
      45.491410238336215,
      45.43293070617247,
      45.374451174008726,
      45.31597164184498,
      44.61421725588007,
      44.55573772371633,
      44.49725819155258,
      44.43877865938884,
      43.73702427342393,
      43.035269887459016,
      42.333515501494105,
      44.087901466406386,
      45.84228743131867,
      47.59667339623095
    ],
    "rank_history": [
      4,
      4,
      4,
      4,
      4,
      4,
      4,
      4,
      4,
      4,
      4,
      4,
      4,
      4,
      4,
      16,
      16,
      16
    ]
  },
  "5": {
    "tier": "mid",
    "final_battery": 53.658765430382836,
    "is_active": true,
    "total_energy_wh": 2.56,
    "rounds_participated": 17,
    "battery_history": [
      42.25525665845302,
      42.19677712628928,
      42.13829759412553,
      42.07981806196179,
      41.37806367599688,
      41.31958414383313,
      40.61782975786822,
      39.91607537190331,
      39.85759583973957,
      39.389759582429626,
      39.33128005026588,
      38.86344379295594,
      38.8049642607922,
      38.337128003482256,
      37.869291746172316,
      37.401455488862375,
      37.34297595669863,
      36.87513969938869,
      36.40730344207875,
      35.93946718476881,
      35.880987652605064,
      35.413151395295124,
      34.94531513798518,
      37.869291746172316,
      39.623677711084596,
      42.54765431927173,
      45.47163092745886,
      47.22601689237114,
      48.98040285728342,
      51.904379465470555,
      53.658765430382836
    ],
    "rank_history": [
      4,
      4,
      4,
      2,
      2,
      2,
      2,
      2,
      2,
      2,
      2,
      2,
      2,
      16,
      16,
      16,
      16
    ]
  },
  "6": {
    "tier": "low",
    "final_battery": 90.11695906432743,
    "is_active": true,
    "total_energy_wh": 3.0000000000000004,
    "rounds_participated": 15,
    "battery_history": [
      80.70458937038138,
      82.45897533529366,
      85.38295194348079,
      87.13733790839306,
      88.89172387330534,
      90.64610983821761,
      93.57008644640474,
      96.49406305459188,
      98.24844901950415,
      100.0,
      100.0,
      100.0,
      100.0,
      100.0,
      99.94152046783626,
      99.88304093567251,
      99.82456140350877,
      98.65497076023391,
      98.59649122807016,
      98.53801169590642,
      97.36842105263156,
      97.30994152046782,
      96.14035087719296,
      94.9707602339181,
      93.80116959064324,
      92.63157894736838,
      92.57309941520464,
      91.40350877192978,
      91.34502923976603,
      91.28654970760229,
      90.11695906432743
    ],
    "rank_history": [
      8,
      8,
      8,
      8,
      8,
      8,
      8,
      8,
      8,
      8,
      8,
      8,
      8,
      8,
      8
    ]
  },
  "7": {
    "tier": "mid",
    "final_battery": 100.0,
    "is_active": true,
    "total_energy_wh": 3.5000000000000004,
    "rounds_participated": 10,