{
  "experiment": "e2_ablation_continuous_seed42",
  "policy": "continuous",
  "num_clients": 10,
  "num_rounds": 3,
  "total_communication_bytes": 162201600,
  "total_communication_mb": 154.6875,
  "battery_summary": {
    "active_clients": 10,
    "dropped_clients": 0,
    "dropout_rate": 0.0,
    "avg_battery": 56.281117898620515,
    "min_battery": 24.02477533796216,
    "total_energy_wh": 3.0999999999999996,
    "avg_energy_per_client": 0.30999999999999994,
    "energy_std": 0.265329983228432,
    "jain_fairness_index": 0.5771771771771771,
    "avg_rounds_participated": 0.9
  },
  "final_avg_loss": 1.2804683503650482
}