{
  "active_clients": 10,
  "dropped_clients": 0,
  "dropout_rate": 0.0,
  "avg_battery": 63.00922572075122,
  "min_battery": 23.36545184580006,
  "total_energy_wh": 46.4,
  "avg_energy_per_client": 4.64,
  "energy_std": 1.6131583927190771,
  "jain_fairness_index": 0.8921642242543889,
  "avg_rounds_participated": 15.0
}