{
  "active_clients": 10,
  "dropped_clients": 0,
  "dropout_rate": 0.0,
  "avg_battery": 56.9010009395562,
  "min_battery": 27.18267007480427,
  "total_energy_wh": 2.04,
  "avg_energy_per_client": 0.20400000000000001,
  "energy_std": 0.20756685669923317,
  "jain_fairness_index": 0.49133412042502955,
  "avg_rounds_participated": 0.9
}